class,precision,recall,f1-score,support
<30,0.2405609492988134,0.19630281690140844,0.21619001454192924,2272
>30,0.476737668161435,0.4785483190322127,0.4776412776412776,7109
NO,0.6605948609644492,0.6841337829217169,0.6721583023682679,10973
macro_avg,0.45929782614156583,0.4529949729517793,0.45532986485049154,20354
